probe,trange_start,trange_end,interval_tag
a,2015-10-10/07:00,2015-10-10/09:00,tail2015
a,2015-10-11/07:00,2015-10-11/10:00,tail2015
d,2015-10-11/08:00,2015-10-11/10:00,tail2015
a,2015-10-12/06:00,2015-10-12/10:00,tail2015
d,2015-10-12/07:00,2015-10-12/10:00,tail2015
e,2015-10-12/08:00,2015-10-12/10:00,tail2015
a,2015-10-13/06:00,2015-10-13/10:00,tail2015
d,2015-10-13/07:00,2015-10-13/10:00,tail2015
e,2015-10-13/07:00,2015-10-13/10:00,tail2015
a,2015-10-14/06:00,2015-10-14/11:00,tail2015
d,2015-10-14/06:00,2015-10-14/10:00,tail2015
e,2015-10-14/07:00,2015-10-14/10:00,tail2015
a,2015-10-15/05:00,2015-10-15/11:00,tail2015
d,2015-10-15/06:00,2015-10-15/11:00,tail2015
e,2015-10-15/07:00,2015-10-15/11:00,tail2015
a,2015-10-16/05:00,2015-10-16/11:00,tail2015
d,2015-10-16/06:00,2015-10-16/11:00,tail2015
e,2015-10-16/06:00,2015-10-16/11:00,tail2015
a,2015-10-17/05:00,2015-10-17/11:00,tail2015
d,2015-10-17/06:00,2015-10-17/11:00,tail2015
e,2015-10-17/06:00,2015-10-17/11:00,tail2015
a,2015-10-18/05:00,2015-10-18/11:00,tail2015
d,2015-10-18/06:00,2015-10-18/11:00,tail2015
e,2015-10-18/06:00,2015-10-18/11:00,tail2015
a,2015-10-19/05:00,2015-10-19/12:00,tail2015
d,2015-10-19/05:00,2015-10-19/11:00,tail2015
e,2015-10-19/06:00,2015-10-19/11:00,tail2015
a,2015-10-20/05:00,2015-10-20/12:00,tail2015
d,2015-10-20/05:00,2015-10-20/12:00,tail2015
e,2015-10-20/06:00,2015-10-20/12:00,tail2015
a,2015-10-21/04:00,2015-10-21/12:00,tail2015
d,2015-10-21/05:00,2015-10-21/12:00,tail2015
e,2015-10-21/05:00,2015-10-21/12:00,tail2015
a,2015-10-22/04:00,2015-10-22/12:00,tail2015
d,2015-10-22/05:00,2015-10-22/12:00,tail2015
e,2015-10-22/05:00,2015-10-22/12:00,tail2015
a,2015-10-23/04:00,2015-10-23/13:00,tail2015
d,2015-10-23/05:00,2015-10-23/12:00,tail2015
e,2015-10-23/05:00,2015-10-23/12:00,tail2015
a,2015-10-24/04:00,2015-10-24/13:00,tail2015
d,2015-10-24/05:00,2015-10-24/13:00,tail2015
e,2015-10-24/05:00,2015-10-24/13:00,tail2015
a,2015-10-25/04:00,2015-10-25/13:00,tail2015
d,2015-10-25/05:00,2015-10-25/13:00,tail2015
e,2015-10-25/05:00,2015-10-25/13:00,tail2015
a,2015-10-26/04:00,2015-10-26/13:00,tail2015
d,2015-10-26/05:00,2015-10-26/13:00,tail2015
e,2015-10-26/05:00,2015-10-26/13:00,tail2015
a,2015-10-27/04:00,2015-10-27/14:00,tail2015
d,2015-10-27/04:00,2015-10-27/13:00,tail2015
e,2015-10-27/05:00,2015-10-27/13:00,tail2015
a,2015-10-28/04:00,2015-10-28/14:00,tail2015
d,2015-10-28/04:00,2015-10-28/14:00,tail2015
e,2015-10-28/05:00,2015-10-28/14:00,tail2015
a,2015-10-29/04:00,2015-10-29/14:00,tail2015
d,2015-10-29/04:00,2015-10-29/14:00,tail2015
e,2015-10-29/04:00,2015-10-29/14:00,tail2015
a,2015-10-30/04:00,2015-10-30/14:00,tail2015
d,2015-10-30/04:00,2015-10-30/14:00,tail2015
e,2015-10-30/04:00,2015-10-30/14:00,tail2015
a,2015-10-31/03:00,2015-10-31/14:00,tail2015
d,2015-10-31/04:00,2015-10-31/14:00,tail2015
e,2015-10-31/04:00,2015-10-31/14:00,tail2015
a,2015-11-01/03:00,2015-11-01/15:00,tail2015
d,2015-11-01/04:00,2015-11-01/15:00,tail2015
e,2015-11-01/04:00,2015-11-01/15:00,tail2015
a,2015-11-02/03:00,2015-11-02/15:00,tail2015
d,2015-11-02/04:00,2015-11-02/15:00,tail2015
e,2015-11-02/04:00,2015-11-02/15:00,tail2015
a,2015-11-03/03:00,2015-11-03/15:00,tail2015
d,2015-11-03/04:00,2015-11-03/15:00,tail2015
e,2015-11-03/04:00,2015-11-03/15:00,tail2015
a,2015-11-04/03:00,2015-11-04/15:00,tail2015
d,2015-11-04/04:00,2015-11-04/15:00,tail2015
e,2015-11-04/04:00,2015-11-04/15:00,tail2015
a,2015-11-05/03:00,2015-11-05/15:00,tail2015
d,2015-11-05/04:00,2015-11-05/15:00,tail2015
e,2015-11-05/04:00,2015-11-05/16:00,tail2015
a,2015-11-06/03:00,2015-11-06/15:00,tail2015
d,2015-11-06/04:00,2015-11-06/15:00,tail2015
e,2015-11-06/04:00,2015-11-06/16:00,tail2015
a,2015-11-07/03:00,2015-11-07/15:00,tail2015
d,2015-11-07/04:00,2015-11-07/16:00,tail2015
e,2015-11-07/04:00,2015-11-07/16:00,tail2015
a,2015-11-08/03:00,2015-11-08/15:00,tail2015
d,2015-11-08/03:00,2015-11-08/16:00,tail2015
e,2015-11-08/04:00,2015-11-08/16:00,tail2015
a,2015-11-09/03:00,2015-11-09/16:00,tail2015
d,2015-11-09/03:00,2015-11-09/16:00,tail2015
e,2015-11-09/04:00,2015-11-09/16:00,tail2015
a,2015-11-10/03:00,2015-11-10/16:00,tail2015
d,2015-11-10/03:00,2015-11-10/16:00,tail2015
e,2015-11-10/04:00,2015-11-10/16:00,tail2015
a,2015-11-11/03:00,2015-11-11/16:00,tail2015
d,2015-11-11/03:00,2015-11-11/16:00,tail2015
e,2015-11-11/04:00,2015-11-11/16:00,tail2015
a,2015-11-12/03:00,2015-11-12/16:00,tail2015
d,2015-11-12/03:00,2015-11-12/16:00,tail2015
e,2015-11-12/03:00,2015-11-12/16:00,tail2015
a,2015-11-13/03:00,2015-11-13/16:00,tail2015
d,2015-11-13/03:00,2015-11-13/16:00,tail2015
e,2015-11-13/03:00,2015-11-13/16:00,tail2015
a,2015-11-14/02:00,2015-11-14/16:00,tail2015
d,2015-11-14/03:00,2015-11-14/16:00,tail2015
e,2015-11-14/03:00,2015-11-14/16:00,tail2015
a,2015-11-15/02:00,2015-11-15/16:00,tail2015
d,2015-11-15/03:00,2015-11-15/16:00,tail2015
e,2015-11-15/03:00,2015-11-15/16:00,tail2015
a,2015-11-16/02:00,2015-11-16/16:00,tail2015
d,2015-11-16/03:00,2015-11-16/16:00,tail2015
e,2015-11-16/03:00,2015-11-16/16:00,tail2015
a,2015-11-17/02:00,2015-11-17/16:00,tail2015
d,2015-11-17/03:00,2015-11-17/16:00,tail2015
e,2015-11-17/03:00,2015-11-17/16:00,tail2015
a,2015-11-18/02:00,2015-11-18/16:00,tail2015
d,2015-11-18/03:00,2015-11-18/16:00,tail2015
e,2015-11-18/03:00,2015-11-18/16:00,tail2015
a,2015-11-19/02:00,2015-11-19/16:00,tail2015
d,2015-11-19/03:00,2015-11-19/16:00,tail2015
e,2015-11-19/03:00,2015-11-19/16:00,tail2015
a,2015-11-20/02:00,2015-11-20/16:00,tail2015
d,2015-11-20/03:00,2015-11-20/16:00,tail2015
e,2015-11-20/03:00,2015-11-20/16:00,tail2015
a,2015-11-21/02:00,2015-11-21/16:00,tail2015
d,2015-11-21/03:00,2015-11-21/16:00,tail2015
e,2015-11-21/03:00,2015-11-21/17:00,tail2015
a,2015-11-22/02:00,2015-11-22/16:00,tail2015
d,2015-11-22/03:00,2015-11-22/16:00,tail2015
e,2015-11-22/03:00,2015-11-22/17:00,tail2015
a,2015-11-23/02:00,2015-11-23/16:00,tail2015
d,2015-11-23/03:00,2015-11-23/16:00,tail2015
e,2015-11-23/03:00,2015-11-23/17:00,tail2015
a,2015-11-24/02:00,2015-11-24/16:00,tail2015
d,2015-11-24/03:00,2015-11-24/16:00,tail2015
e,2015-11-24/03:00,2015-11-24/17:00,tail2015
a,2015-11-25/02:00,2015-11-25/16:00,tail2015
d,2015-11-25/03:00,2015-11-25/16:00,tail2015
e,2015-11-25/03:00,2015-11-25/17:00,tail2015
a,2015-11-26/02:00,2015-11-26/16:00,tail2015
d,2015-11-26/03:00,2015-11-26/16:00,tail2015
e,2015-11-26/03:00,2015-11-26/17:00,tail2015
a,2015-11-27/02:00,2015-11-27/16:00,tail2015
d,2015-11-27/03:00,2015-11-27/16:00,tail2015
e,2015-11-27/03:00,2015-11-27/17:00,tail2015
a,2015-11-28/02:00,2015-11-28/16:00,tail2015
d,2015-11-28/03:00,2015-11-28/16:00,tail2015
e,2015-11-28/03:00,2015-11-28/17:00,tail2015
a,2015-11-29/02:00,2015-11-29/16:00,tail2015
d,2015-11-29/03:00,2015-11-29/16:00,tail2015
e,2015-11-29/03:00,2015-11-29/17:00,tail2015
a,2015-11-30/02:00,2015-11-30/16:00,tail2015
d,2015-11-30/02:00,2015-11-30/16:00,tail2015
e,2015-11-30/03:00,2015-11-30/17:00,tail2015
a,2015-12-01/02:00,2015-12-01/16:00,tail2015
d,2015-12-01/02:00,2015-12-01/16:00,tail2015
e,2015-12-01/03:00,2015-12-01/17:00,tail2015
a,2015-12-02/02:00,2015-12-02/16:00,tail2015
d,2015-12-02/02:00,2015-12-02/16:00,tail2015
e,2015-12-02/03:00,2015-12-02/17:00,tail2015
a,2015-12-03/02:00,2015-12-03/16:00,tail2015
d,2015-12-03/02:00,2015-12-03/16:00,tail2015
e,2015-12-03/03:00,2015-12-03/17:00,tail2015
a,2015-12-04/02:00,2015-12-04/16:00,tail2015
d,2015-12-04/02:00,2015-12-04/16:00,tail2015
e,2015-12-04/03:00,2015-12-04/17:00,tail2015
a,2015-12-05/02:00,2015-12-05/16:00,tail2015
d,2015-12-05/02:00,2015-12-05/16:00,tail2015
e,2015-12-05/03:00,2015-12-05/17:00,tail2015
a,2015-12-06/02:00,2015-12-06/16:00,tail2015
d,2015-12-06/02:00,2015-12-06/16:00,tail2015
e,2015-12-06/03:00,2015-12-06/17:00,tail2015
a,2015-12-07/02:00,2015-12-07/16:00,tail2015
d,2015-12-07/02:00,2015-12-07/16:00,tail2015
e,2015-12-07/03:00,2015-12-07/17:00,tail2015
a,2015-12-08/02:00,2015-12-08/16:00,tail2015
d,2015-12-08/02:00,2015-12-08/16:00,tail2015
e,2015-12-08/03:00,2015-12-08/17:00,tail2015
a,2015-12-09/02:00,2015-12-09/16:00,tail2015
d,2015-12-09/02:00,2015-12-09/16:00,tail2015
e,2015-12-09/02:00,2015-12-09/17:00,tail2015
a,2015-12-10/02:00,2015-12-10/16:00,tail2015
d,2015-12-10/02:00,2015-12-10/16:00,tail2015
e,2015-12-10/02:00,2015-12-10/17:00,tail2015
a,2015-12-11/02:00,2015-12-11/16:00,tail2015
d,2015-12-11/02:00,2015-12-11/16:00,tail2015
e,2015-12-11/02:00,2015-12-11/17:00,tail2015
a,2015-12-12/01:00,2015-12-12/16:00,tail2015
d,2015-12-12/02:00,2015-12-12/16:00,tail2015
e,2015-12-12/02:00,2015-12-12/17:00,tail2015
a,2015-12-13/01:00,2015-12-13/16:00,tail2015
d,2015-12-13/02:00,2015-12-13/16:00,tail2015
e,2015-12-13/02:00,2015-12-13/17:00,tail2015
a,2015-12-14/01:00,2015-12-14/16:00,tail2015
d,2015-12-14/02:00,2015-12-14/16:00,tail2015
e,2015-12-14/02:00,2015-12-14/17:00,tail2015
a,2015-12-15/01:00,2015-12-15/16:00,tail2015
d,2015-12-15/02:00,2015-12-15/16:00,tail2015
e,2015-12-15/02:00,2015-12-15/17:00,tail2015
a,2015-12-16/01:00,2015-12-16/16:00,tail2015
d,2015-12-16/02:00,2015-12-16/16:00,tail2015
e,2015-12-16/02:00,2015-12-16/17:00,tail2015
a,2015-12-17/01:00,2015-12-17/16:00,tail2015
d,2015-12-17/02:00,2015-12-17/16:00,tail2015
e,2015-12-17/02:00,2015-12-17/17:00,tail2015
a,2015-12-18/01:00,2015-12-18/16:00,tail2015
d,2015-12-18/02:00,2015-12-18/16:00,tail2015
e,2015-12-18/02:00,2015-12-18/17:00,tail2015
a,2015-12-19/01:00,2015-12-19/16:00,tail2015
d,2015-12-19/02:00,2015-12-19/16:00,tail2015
e,2015-12-19/02:00,2015-12-19/17:00,tail2015
a,2015-12-20/01:00,2015-12-20/16:00,tail2015
d,2015-12-20/02:00,2015-12-20/16:00,tail2015
e,2015-12-20/02:00,2015-12-20/17:00,tail2015
a,2015-12-21/01:00,2015-12-21/16:00,tail2015
d,2015-12-21/02:00,2015-12-21/16:00,tail2015
e,2015-12-21/02:00,2015-12-21/17:00,tail2015
a,2015-12-22/01:00,2015-12-22/16:00,tail2015
d,2015-12-22/02:00,2015-12-22/16:00,tail2015
e,2015-12-22/02:00,2015-12-22/16:00,tail2015
a,2015-12-23/01:00,2015-12-23/16:00,tail2015
d,2015-12-23/02:00,2015-12-23/16:00,tail2015
e,2015-12-23/02:00,2015-12-23/16:00,tail2015
a,2015-12-24/01:00,2015-12-24/16:00,tail2015
d,2015-12-24/02:00,2015-12-24/16:00,tail2015
e,2015-12-24/02:00,2015-12-24/16:00,tail2015
a,2015-12-25/02:00,2015-12-25/16:00,tail2015
d,2015-12-25/02:00,2015-12-25/16:00,tail2015
e,2015-12-25/02:00,2015-12-25/16:00,tail2015
a,2015-12-26/02:00,2015-12-26/16:00,tail2015
d,2015-12-26/02:00,2015-12-26/16:00,tail2015
e,2015-12-26/03:00,2015-12-26/16:00,tail2015
a,2015-12-27/02:00,2015-12-27/16:00,tail2015
d,2015-12-27/02:00,2015-12-27/16:00,tail2015
e,2015-12-27/03:00,2015-12-27/16:00,tail2015
a,2015-12-28/02:00,2015-12-28/15:00,tail2015
d,2015-12-28/02:00,2015-12-28/16:00,tail2015
e,2015-12-28/03:00,2015-12-28/16:00,tail2015
a,2015-12-29/02:00,2015-12-29/15:00,tail2015
d,2015-12-29/02:00,2015-12-29/16:00,tail2015
e,2015-12-29/03:00,2015-12-29/16:00,tail2015
a,2015-12-30/02:00,2015-12-30/15:00,tail2015
d,2015-12-30/02:00,2015-12-30/16:00,tail2015
e,2015-12-30/03:00,2015-12-30/16:00,tail2015
a,2015-12-31/02:00,2015-12-31/15:00,tail2015
d,2015-12-31/02:00,2015-12-31/16:00,tail2015
e,2015-12-31/03:00,2015-12-31/16:00,tail2015
